Product Name,URL,Sale Price,Original Price,Image URL
GLP-1 ELEVATE,https://www.biotrust.com/products/glp-1-elevate,$49,$59,https://www.biotrust.com/cdn/shop/files/thumb-biotrust-GLP_1.png
CARB COMMAND,https://www.biotrust.com/products/biotrust-ic-5-keto-supplement-metabolism-booster,$44,$69,https://www.biotrust.com/cdn/shop/files/Carb_Command_Pack_Shot.png
AGELESS MULTI MAGNESIUM,https://www.biotrust.com/products/ageless-multi-magnesium,$37,$39,https://www.biotrust.com/cdn/shop/files/ageless_magnesium-primary_thumbnail.png
AGELESS MULTI-COLLAGEN®,https://www.biotrust.com/products/biotrust-ageless-multi-collagen-protein-powder,$38,$49,https://www.biotrust.com/cdn/shop/files/AMCUnflavoredFront_2.png
AGELESS MULTI-COLLAGEN® PROTEIN POWDER STICK PACKS,https://www.biotrust.com/products/ageless-multi-collagen-protein-powder-unflavored-stick-pack,$21,$49,https://www.biotrust.com/cdn/shop/files/AMC_Stick_Packs_16ct_Carton_Front_9f7bf074-f743-489d-afe1-608f2f11032f.png
LOW CARB MULTI PROTEIN,https://www.biotrust.com/products/biotrust-low-carb-protein-powder,$29,$49,https://www.biotrust.com/cdn/shop/files/LC_Vanilla_Cream_Front.png
AGELESS MUSCLE,https://www.biotrust.com/products/ageless-muscle-support-supplement,$27,$49,https://www.biotrust.com/cdn/shop/files/ageless_muscle-Citrus_Splash.png
AGELESS BODY®,https://www.biotrust.com/products/biotrust-ageless-body-anti-aging-supplement,$29,$69,https://www.biotrust.com/cdn/shop/products/pdp-ageless-body.png
TIMELESS BEAUTY,https://www.biotrust.com/products/timeless-beauty-advanced-beauty-booster,$34,$44,https://www.biotrust.com/cdn/shop/products/TimelessBeautyPackShot_fabf81cf-6570-47a6-8e3f-f735741ac674.png
AGELESS COLLAGEN BOOSTER®,https://www.biotrust.com/products/biotrust-ageless-collagen-booster,$22,$29,https://www.biotrust.com/cdn/shop/files/AgelessCollagenBoosterPackShot.png
BRAIN BRIGHT®,https://www.biotrust.com/products/biotrust-brain-bright-memory-brain-supplement,$34,$49,https://www.biotrust.com/cdn/shop/files/BrainBrightPackShot.png
LOW CARB LITE™ WHEY PROTEIN,https://www.biotrust.com/products/biotrust-low-carb-lite-whey-protein,$22,$49,https://www.biotrust.com/cdn/shop/files/lcl_unflavored_lander.png
KETO ELEVATE™,https://www.biotrust.com/products/biotrust-keto-elevate-pure-c8-mct-oil-powder,$38,$49,https://www.biotrust.com/cdn/shop/files/thumbnail-keto_elevate-french_vanilla.png
METABOBOOST,https://www.biotrust.com/products/metaboboost-metabolism-boosting-fat-burning-supplement,$24,$49,https://www.biotrust.com/cdn/shop/files/thumb-biotrust-Metaboboost.png
BELLYTRIM XP®,https://www.biotrust.com/products/biotrust-bellytrim-xp-cla-toning-supplement,$24,$49,https://www.biotrust.com/cdn/shop/files/BellyTrimPackShot.png
PRO-X10,https://www.biotrust.com/products/biotrust-pro-x10-best-probiotic-supplement,$28,$49,https://www.biotrust.com/cdn/shop/files/Pro-X1060ctPackShot.png
AGELESS BRIGHT®,https://www.biotrust.com/products/biotrust-ageless-bright-skin-brightening-serum,$19,$79,https://www.biotrust.com/cdn/shop/files/Group_2.png
LOW CARB PLANT™ PROTEIN,https://www.biotrust.com/products/biotrust-low-carb-plant-protein-powder,$24,$49,https://www.biotrust.com/cdn/shop/files/LowCarbPlant-VanillaCaramel.png
AGELESS GLOW®,https://www.biotrust.com/products/biotrust-ageless-glow-anti-aging-serum,$24,$79,https://www.biotrust.com/cdn/shop/products/agelessglow-pdp-01_30f4546b-3c33-4b63-bbca-566f4716aa34.png
AGELESS IMMUNITY®,https://www.biotrust.com/products/biotrust-ageless-immunity-support-supplement,$14,$39,https://www.biotrust.com/cdn/shop/products/ageless-immunity-pdp-rev2.png