Product Name,URL,Price,Image URL
Creatine - 90 Servings,https://www.thorne.com/products/dp/creatine,$44,https://d1vo8zfysxy97v.cloudfront.net/media/product/sf903__ve8382489c6ce9fb7f28cdddef00e6f1ece146591.png
Magnesium Glycinate,https://www.thorne.com/products/dp/magnesium-glycinate,$26,https://d1vo8zfysxy97v.cloudfront.net/media/product/m284__v722511088310a527d9bd4f32ff1f8a38e3e4fa0f.png
Berberine,https://www.thorne.com/products/dp/berberine-500,$44,https://d1vo8zfysxy97v.cloudfront.net/media/product/sf800__vd424273289116ed602cb97bcef5ca314e2b9ff03.png
Magnesium Bisglycinate,https://www.thorne.com/products/dp/magnesium-bisglycinate,$52,https://d1vo8zfysxy97v.cloudfront.net/media/product/m204__v4276839dcfb0dd565beb88920a98df340c4ecb91.png
"Vitamin D-5,000 - NSF Certified for Sport - 60 Servings",https://www.thorne.com/products/dp/d-5-000-vitamin-d-capsule,$20,https://d1vo8zfysxy97v.cloudfront.net/media/product/d138__v6d6301b3870baca3936f42dd3ac197ac421e097e.png
Advanced Iron Complex (formerly Ferrasorb),https://www.thorne.com/products/dp/ferrasorb-reg,$26,https://d1vo8zfysxy97v.cloudfront.net/media/product/sf750__vd10ee326d9b12caa150b68428ae3619ef4b145de.png
Creatine - 180 Servings,https://www.thorne.com/products/dp/creatine-sf904,$84,https://d1vo8zfysxy97v.cloudfront.net/media/product/sf904__v87fa43541d282e0b20d879217b57c150a5e2a6ad.png
Basic Prenatal,https://www.thorne.com/products/dp/basic-prenatal,$37,https://d1vo8zfysxy97v.cloudfront.net/media/product/vmp__v8566e3795edeb481f3cbe048cdd0c93db8d5a68e.png
Iron Bisglycinate,https://www.thorne.com/products/dp/iron-bisglycinate,$16,https://d1vo8zfysxy97v.cloudfront.net/media/product/m226__vbaaaf58da43e4570486a71973c2e7172b52b8e79.png
Vitamin D + K2 Liquid,https://www.thorne.com/products/dp/vitamin-d-k2-liquid,$34,https://d1vo8zfysxy97v.cloudfront.net/media/product/kd500__v1f2f6991180c90d1d7e83b441748f077d3d853d8.png
Omega-3 with CoQ10,https://www.thorne.com/products/dp/omega-3-w-coq10,$55,https://d1vo8zfysxy97v.cloudfront.net/media/product/sp616__vb9b6e8c8d8273dcb69d1daf030bf4f42062976c1.png
Women's Libido Boost,https://www.thorne.com/products/dp/womens-libido-boost,$48,https://d1vo8zfysxy97v.cloudfront.net/media/product/sf832__v2aad2ceab0bab0382d237207547fcbfc7c5b4ec9.png
Basic Nutrients 2/Day - 30 Servings,https://www.thorne.com/products/dp/basic-nutrients-2-day-vm2nc,$36,https://d1vo8zfysxy97v.cloudfront.net/media/product/vm2nc__v22fab5aec14f3a11312849c9781a5ef32c69c8d4.png
ResveraCel®,https://www.thorne.com/products/dp/resveracel,$60,https://d1vo8zfysxy97v.cloudfront.net/media/product/sb302__v2028050a26fc15349594618ab9b1b1ccb5c19a43.png
Creatine - Travel Packs,https://www.thorne.com/products/dp/creatine-sf903p,$36,https://d1vo8zfysxy97v.cloudfront.net/media/product/sf903p__v828348ce760698e005a5a00517926567469207be.png
Basic B Complex,https://www.thorne.com/products/dp/basic-b-complex,$27,https://d1vo8zfysxy97v.cloudfront.net/media/product/b104__v0dd31dc4e6477b012e24bac31fd70fe7fe8bdd09.png
Hormone Advantage,https://www.thorne.com/products/dp/dim-crucera,$51,https://d1vo8zfysxy97v.cloudfront.net/media/product/sp684__v7fc7ce172823963cfb6d39929f46d8c69639f28a.png
Basic Nutrients 2/Day - 60 Servings,https://www.thorne.com/products/dp/basic-nutrients-2-day-120,$68,https://d1vo8zfysxy97v.cloudfront.net/media/product/vm8nc__v16fd3b4bddb4189515efeb9cef6fcc4987ea4a6d.png
Vitamin B12,https://www.thorne.com/products/dp/methylcobalamin,$24,https://d1vo8zfysxy97v.cloudfront.net/media/product/b125__vdc2295bdfd7f57713849ab8693465dc3ee2e45a0.png
Daily Electrolytes - Variety Pack,https://www.thorne.com/products/dp/daily-electrolytes-30-stick-variety-pack,$40,https://d1vo8zfysxy97v.cloudfront.net/media/product/sf911p__vbdbfcaba0a56d3ed0c2423336807bbf5ee98765d.png
Collagen Fit,https://www.thorne.com/products/dp/collagen-fit,$56,https://d1vo8zfysxy97v.cloudfront.net/media/product/sp686__v92634db5860c75b546b72cf82821793c299db829.png
CoQ10,https://www.thorne.com/products/dp/q-best-100,$53,https://d1vo8zfysxy97v.cloudfront.net/media/product/sp624__v0e9c43db03041def65f6aef69118044fc2cc0839.png
Whey Protein Isolate - Chocolate,https://www.thorne.com/products/dp/whey-protein-isolate-chocolate,$65,https://d1vo8zfysxy97v.cloudfront.net/media/product/sp110__v35c3c267ac114961f9477e01def12173af2f5767.png
Magnesium CitraMate,https://www.thorne.com/products/dp/magnesium-citramate,$22,https://d1vo8zfysxy97v.cloudfront.net/media/product/m272__v84d5df4ac9e03d23d72600eb24ac488a340abfff.png
Super EPA - 90 Servings,https://www.thorne.com/products/dp/super-epa-sp608nc,$41,https://d1vo8zfysxy97v.cloudfront.net/media/product/sp608nc__v85ffd3158c5fcd199d35f8f66966125217d62306.png
Women's Multi 50+,https://www.thorne.com/products/dp/womens-multi-50,$56,https://d1vo8zfysxy97v.cloudfront.net/media/product/vm6w__v4c037a78c7de8ca33010bde2442a6206017f726f.png
Curcumin Phytosome - 60 Servings,https://www.thorne.com/products/dp/meriva-500-sf-120,$64,https://d1vo8zfysxy97v.cloudfront.net/media/product/sf814__va1e22adee2de5e2fbde46dc05b01b6712d5e3007.png
Whey Protein Isolate - Vanilla,https://www.thorne.com/products/dp/whey-protein-isolate-vanilla,$65,https://d1vo8zfysxy97v.cloudfront.net/media/product/sp111__v496b30d9bd6d9b49984937cf925408c168a0561f.png
Collagen Plus,https://www.thorne.com/products/dp/collagen-plus,$67,https://d1vo8zfysxy97v.cloudfront.net/media/product/sp685__v07841f457693486337267c48e60adf0fd08dd962.png
Perimenopause Complete,https://www.thorne.com/products/dp/perimenopause-complete,$52,https://d1vo8zfysxy97v.cloudfront.net/media/product/sf831__vb50a19aa9d7e22d62eccd3bdf72762207f635fe4.png
Super EPA - NSF Certified for Sport,https://www.thorne.com/products/dp/super-epa,$45,https://d1vo8zfysxy97v.cloudfront.net/media/product/sp608__v85ffd3158c5fcd199d35f8f66966125217d62306.png
NAC - N-Acetylcysteine - 90 Servings,https://www.thorne.com/products/dp/cysteplus-reg,$33,https://d1vo8zfysxy97v.cloudfront.net/media/product/sa560__v9249e43d5234140b60ada72238c5fb10f53ee558.png
Ashwagandha,https://www.thorne.com/products/dp/ashwagandha,$22,https://d1vo8zfysxy97v.cloudfront.net/media/product/sf828__v859970c678922ca16ed2a0f883614b8a597361b3.png
FiberMend®,https://www.thorne.com/products/dp/fibermend-trade,$45,https://d1vo8zfysxy97v.cloudfront.net/media/product/sp635__vd54991d4419fa016c75832c8752b0703c9ed4c4c.png
"Vitamin D-1,000 - 90 Servings",https://www.thorne.com/products/dp/d-1000-vitamin-d-capsule,$17,https://d1vo8zfysxy97v.cloudfront.net/media/product/d128__v9b9446043201339cad5c3fa591562d3b90f24456.png
B-Complex #12,https://www.thorne.com/products/dp/b-complex-12,$26,https://d1vo8zfysxy97v.cloudfront.net/media/product/b112__vee5e350a0551e93986381fda90af486aba9927b0.png
Advanced Testosterone Support,https://www.thorne.com/products/dp/advanced-testosterone-support,$43,https://d1vo8zfysxy97v.cloudfront.net/media/product/sf824__v199213a9ee92e6321db13d542638b566ca7b12aa.png
Multi-Vitamin Elite,https://www.thorne.com/products/dp/multi-vitamin-elite-vm114nc,$76,https://d1vo8zfysxy97v.cloudfront.net/media/product/vm114nc__v59f2e2230168349549da2930659889eb3ad55612.png
Stress B-Complex,https://www.thorne.com/products/dp/stress-b-complex,$26,https://d1vo8zfysxy97v.cloudfront.net/media/product/b107__v5dabbd1393b8a7ff4f391f3839b63fa757822234.png
Theanine,https://www.thorne.com/products/dp/theanine,$68,https://d1vo8zfysxy97v.cloudfront.net/media/product/sa508__vb843fff9fd2fbd05959fef8bf83599886425be0a.png
Vitamin C with Flavonoids,https://www.thorne.com/products/dp/vit-c-w-flavonoids,$23,https://d1vo8zfysxy97v.cloudfront.net/media/product/c154__v29275fff711385feb5c15c23afed47c74ff6d718.png
FloraMend Prime Probiotic®,https://www.thorne.com/products/dp/floramend-prime-probiotic,$56,https://d1vo8zfysxy97v.cloudfront.net/media/product/sf811__v36c181ba00d56cee4779bf25b82da54bf1bb28c5.png
Men's Multi 50+,https://www.thorne.com/products/dp/mens-multi-50,$56,https://d1vo8zfysxy97v.cloudfront.net/media/product/vm6m__vba014fa5c3a6b89ee6b7df094d9342d4c537d975.png
Berberine - 200 mg,https://www.thorne.com/products/dp/berbercap-reg,$30,https://d1vo8zfysxy97v.cloudfront.net/media/product/sf760__v8c446e455f33015a7cbaf3d6e6805b7e909d5595.png
Methyl-Guard Plus®,https://www.thorne.com/products/dp/methyl-guard-plus-reg,$62,https://d1vo8zfysxy97v.cloudfront.net/media/product/sf789__v91750aed7bf879ac1f9bfefec208c92da0123ca8.png
Ovarian Care,https://www.thorne.com/products/dp/ovarian-care,$62,https://d1vo8zfysxy97v.cloudfront.net/media/product/sf823__vec6fb5f6b3c89a36300f726c19d8439d8b4cb08f.png
Prenatal DHA,https://www.thorne.com/products/dp/prenatal-dha,$30,https://d1vo8zfysxy97v.cloudfront.net/media/product/sp606p__vb152f10ef05e70530c60cd8820785d4d38041859.png
Zinc Picolinate 15 mg,https://www.thorne.com/products/dp/zinc-picolinate,$15,https://d1vo8zfysxy97v.cloudfront.net/media/product/m210__v1bb227957056584647876b13ddf659ddb5e8d17a.png
Amino Complex - Berry,https://www.thorne.com/products/dp/amino-complex-berry,$52,https://d1vo8zfysxy97v.cloudfront.net/media/product/sp641__v5d864686891ec733704f50f55b51dbb6f3c911a5.png
Selenium,https://www.thorne.com/products/dp/selenomethionine,$14,https://d1vo8zfysxy97v.cloudfront.net/media/product/m225__v485caeb61ef826c25f2028f5b085dabc2a0a1e92.png
Women's Daily Probiotic,https://www.thorne.com/products/dp/women-s-daily-probiotic,$39,https://d1vo8zfysxy97v.cloudfront.net/media/product/sf817__v492040590869c50ff5d1fe417ccf5da73a2ef7fc.png
Vitamin K,https://www.thorne.com/products/dp/3-k-complete,$31,https://d1vo8zfysxy97v.cloudfront.net/media/product/k171__vf75ccbf05df8eccccde22602974a9a29a5dc0e4f.png
Deep Sleep Complex,https://www.thorne.com/products/dp/deep-sleep-complex,$52,https://d1vo8zfysxy97v.cloudfront.net/media/product/sf829__v7c047b5986f137932581c97fe90ba98edfd7513a.png
Advanced Bone Support,https://www.thorne.com/products/dp/oscap,$29,https://d1vo8zfysxy97v.cloudfront.net/media/product/sg822__vd53dedd3542a3de0290559da8256d176abb2a307.png
Thyroid Health Complex (formerly Thyrocsin),https://www.thorne.com/products/dp/thyrocsin-trade-60-s-1,$40,https://d1vo8zfysxy97v.cloudfront.net/media/product/sf784__v7efbb0bf47c40682961295392e5554ab67f7fcfc.png
Basic Nutrients 2/Day - NSF Certified for Sport,https://www.thorne.com/products/dp/basic-nutrients-2-day,$40,https://d1vo8zfysxy97v.cloudfront.net/media/product/vm2__v22fab5aec14f3a11312849c9781a5ef32c69c8d4.png
"Vitamin C 1,000 mg (formerly Ascorbic Acid)",https://www.thorne.com/products/dp/ascorbic-acid,$19,https://d1vo8zfysxy97v.cloudfront.net/media/product/c153__vcd4b78f8bfe7c73b04a3df966163bd5081d99eda.png
Super EPA Pro,https://www.thorne.com/products/dp/super-epa-pro-60-s-1,$93,https://d1vo8zfysxy97v.cloudfront.net/media/product/sp610__va6ff2d45812bc9a09fe40db6b5675e05d3a77e3d.png
"Vitamin D-10,000",https://www.thorne.com/products/dp/d-10-000,$26,https://d1vo8zfysxy97v.cloudfront.net/media/product/d148__v652bc6486bc8dc70f0869ae1b5376934aab0d7bc.png
Red Yeast Rice + CoQ10,https://www.thorne.com/products/dp/choleast-trade,$46,https://d1vo8zfysxy97v.cloudfront.net/media/product/sf751__v112808a54bee6f8d3d89968676db58f92c44356f.png
Super EPA - 180 Servings,https://www.thorne.com/products/dp/super-epa-180,$80,https://d1vo8zfysxy97v.cloudfront.net/media/product/sp622nc__v727a7ba55284cdce1ff77f1be7e13cc7b5e2f0f4.png
Calcium,https://www.thorne.com/products/dp/dicalcium-malate,$28,https://d1vo8zfysxy97v.cloudfront.net/media/product/m281__v0eba4b643c65deb5775ba03a5b2644494e4918b7.png
"Vitamin D-5,000 - NSF Certified for Sport - 120 Servings",https://www.thorne.com/products/dp/d-5-000-120,$39,https://d1vo8zfysxy97v.cloudfront.net/media/product/d139__v8c920cd084ec5e0c5c85e08cb7ff28548df3e5b3.png
Creatine - Strawberry,https://www.thorne.com/products/dp/creatine-strawberry-flavored,$48,https://d1vo8zfysxy97v.cloudfront.net/media/product/sf905__vba71a32a378257904e1605056e5ac914dcefe59a.png
Complete Biotic,https://www.thorne.com/products/dp/complete-biotic,$46,https://d1vo8zfysxy97v.cloudfront.net/media/product/sf827__vbf2a33f7f4aa4a9f44d403a2ff1e5d045619ea25.png
Glycine,https://www.thorne.com/products/dp/glycine,$31,https://d1vo8zfysxy97v.cloudfront.net/media/product/sa512__v849b09a1c1f33327161ee47bd0951a0aa6b2fbf3.png
Advanced Digestive Enzymes,https://www.thorne.com/products/dp/bio-gest-reg-60-s-1,$56,https://d1vo8zfysxy97v.cloudfront.net/media/product/sd405__vc1e2ae132c1d00665c56a74cf09805e4a03d0156.png
Glutathione-SR,https://www.thorne.com/products/dp/glutathione-sr,$54,https://d1vo8zfysxy97v.cloudfront.net/media/product/sa540__vcd228bab4f3d0f5e343dc0a69b806f8fd90f3260.png
Curcumin Phytosome - 30 Servings,https://www.thorne.com/products/dp/meriva-500-sf-60,$36,https://d1vo8zfysxy97v.cloudfront.net/media/product/sf813__v8469f8c0cfe0113831dd1946b17b980eed934dde.png
Advanced DHA,https://www.thorne.com/products/dp/advanced-dha,$30,https://d1vo8zfysxy97v.cloudfront.net/media/product/sp606c__v4dbd55c535f9b460291829e6c4b1489e07a0baa8.png
5-MTHF 1 mg,https://www.thorne.com/products/dp/5-mthf-1-mg,$24,https://d1vo8zfysxy97v.cloudfront.net/media/product/b129__v9e2dcbdfca9045f29cc531eca894e0722dd58f27.png
Creatine + BCAAs,https://www.thorne.com/products/dp/creatine-bcaas-peach-mango-flavored,$52,https://d1vo8zfysxy97v.cloudfront.net/media/product/sf912__v93bd9a109593c267e39bd3006bb069472eee709e.png
Vitamin D3,https://www.thorne.com/products/dp/vitamin-d3,$24,https://d1vo8zfysxy97v.cloudfront.net/media/product/d178__vfab6f6e3bae8514817729cc257067cb8ea2aae5f.png
Creatine + Alpha GPC,https://www.thorne.com/products/dp/creatine-alpha-gpc,$49,https://d1vo8zfysxy97v.cloudfront.net/media/product/sf913__v42cc8e9b918b4b8025bcb89d0f95f9c1f14a7933.png
Adrenal Cortex,https://www.thorne.com/products/dp/adrenal-cortex,$20,https://d1vo8zfysxy97v.cloudfront.net/media/product/sg803__v943a201676b7acd46e585daf4dd8d45f85f725fe.png
Red Yeast Rice (formerly Choleast-900),https://www.thorne.com/products/dp/choleast-900,$56,https://d1vo8zfysxy97v.cloudfront.net/media/product/sf705__v5da1a90a3d65462cddba39467afcf33ec2a9ee0b.png
Metabolic Health,https://www.thorne.com/products/dp/metabolic-health,$60,https://d1vo8zfysxy97v.cloudfront.net/media/product/sf801__vbc597c91d771ec5a33eb86e25913f7ff77444cf8.png
Daily Electrolytes - Watermelon,https://www.thorne.com/products/dp/daily-electrolytes-watermelon-flavored-drink-mix,$40,https://d1vo8zfysxy97v.cloudfront.net/media/product/sf908p__v235f609a00fa9997bc73e2c0d55c993fca74fa4c.png
Multi-Vitamin Elite - NSF Certified for Sport,https://www.thorne.com/products/dp/multi-vitamin-elite,$82,https://d1vo8zfysxy97v.cloudfront.net/media/product/vm114__vdadbc3e6f8ea5ada4b8684fc62234a4b9c574489.png
Biotin,https://www.thorne.com/products/dp/biotin-8,$28,https://d1vo8zfysxy97v.cloudfront.net/media/product/b118__v3ce234a94576d6e1ebdee96ae90e45ab6341199c.png
Zinc Bisglycinate 30 mg,https://www.thorne.com/products/dp/zinc-bisglycinate-30-mg,$20,https://d1vo8zfysxy97v.cloudfront.net/media/product/m291nc__v91e8827338ba8e97b12a28ddc8d3ac78adab4be5.png
"Vitamin D-1,000 - 180 Servings",https://www.thorne.com/products/dp/d-1-000-180,$33,https://d1vo8zfysxy97v.cloudfront.net/media/product/d129__v7fd21b6d2f88875720dd490c67c495d46b2242ae.png
L-Glutamine Powder,https://www.thorne.com/products/dp/l-glutamine-powder,$67,https://d1vo8zfysxy97v.cloudfront.net/media/product/sa519__vc4e637f38736f136ed1594dfeeeea0e92df39e98.png
NiaCel® 400,https://www.thorne.com/products/dp/niacel-400,$74,https://d1vo8zfysxy97v.cloudfront.net/media/product/sp654__va5a0653d7b868a8ef96b8912e5dc924178efd56f.png
Alpha-Lipoic Acid,https://www.thorne.com/products/dp/thiocid-300-reg,$41,https://d1vo8zfysxy97v.cloudfront.net/media/product/sf797__v00d69361db2a452cb30d5fcfaeb35cfcbbddba13.png
Curcumin Phytosome - Sustained Release,https://www.thorne.com/products/dp/meriva-sf,$49,https://d1vo8zfysxy97v.cloudfront.net/media/product/sf815__v968bb1ff224871637251be924d1fa11e756936d9.png
Stress Balance,https://www.thorne.com/products/dp/phytisone-reg,$23,https://d1vo8zfysxy97v.cloudfront.net/media/product/sg804__vee1277569afbbcffb5cb5db347b4cb00499ee101.png
Lysine,https://www.thorne.com/products/dp/l-lysine,$15,https://d1vo8zfysxy97v.cloudfront.net/media/product/sa516__v46ee7eb070649df95fad4b2f777b08877457a732.png
Amino Complex - Lemon,https://www.thorne.com/products/dp/amino-complex-lemon,$52,https://d1vo8zfysxy97v.cloudfront.net/media/product/sp637__v9b279b00b972929975b6d607f1ff704138be3951.png
Copper Bisglycinate,https://www.thorne.com/products/dp/copper-bisglycinate,$19,https://d1vo8zfysxy97v.cloudfront.net/media/product/m228__v8600db7f4dd605a4ce16c23ea63c1cbe5fe9d57d.png
Glucosamine & Chondroitin,https://www.thorne.com/products/dp/glucosamine-chondroitin,$40,https://d1vo8zfysxy97v.cloudfront.net/media/product/sf767__v73e5cfeb5fdcc134bf57aa062ceada772bcd183d.png
B-Complex #6,https://www.thorne.com/products/dp/b-complex-6,$26,https://d1vo8zfysxy97v.cloudfront.net/media/product/b106__v1823ebf262209c7fc9a0d6c26856dff4e1ea7843.png
Zinc Picolinate 30 mg - NSF Certified for Sport,https://www.thorne.com/products/dp/double-strength-zinc-picolinate-60-s,$23,https://d1vo8zfysxy97v.cloudfront.net/media/product/m220__v3b170f6f449a0fb40700a62533cd215e2dd5c823.png
Phosphatidyl Choline,https://www.thorne.com/products/dp/phosphatidyl-choline,$34,https://d1vo8zfysxy97v.cloudfront.net/media/product/sp605__vf6956cabd6316ef8c0dd37bf6d40b164e84846b5.png
Liver Cleanse,https://www.thorne.com/products/dp/liver-cleanse,$27,https://d1vo8zfysxy97v.cloudfront.net/media/product/sf769__v3be2460b553b5820e56cecbac909550fe33a2077.png
Magnesium Bisglycinate - Travel Packs,https://www.thorne.com/products/dp/magnesium-bisglycinate-m204p,$47,https://d1vo8zfysxy97v.cloudfront.net/media/product/m204p__vd7fe885f7f186146b37b4f9a57dfd6c90af6efc3.png
Joint Support Nutrients,https://www.thorne.com/products/dp/ar-encap-reg,$60,https://d1vo8zfysxy97v.cloudfront.net/media/product/sf774__v64d2ff9add9fcec02ad220a82113b341fdb6665d.png
NAC - N-Acetylcysteine - 180 Servings,https://www.thorne.com/products/dp/nac-180,$63,https://d1vo8zfysxy97v.cloudfront.net/media/product/sa561__v90467f5a34c59c0c88158f24b81d7b77cb97ac3d.png
Quercetin Complex,https://www.thorne.com/products/dp/quercenase-reg,$54,https://d1vo8zfysxy97v.cloudfront.net/media/product/sb332__vb5dc0fb7eeb2699a68e2c676f95840e213e46ad3.png
Quercetin Phytosome,https://www.thorne.com/products/dp/quercetin-phytosome,$46,https://d1vo8zfysxy97v.cloudfront.net/media/product/sb335__vd77c54bfb354a3ce615190f9507e94f05c78786c.png
Acetyl-L-Carnitine,https://www.thorne.com/products/dp/carnityl-reg,$32,https://d1vo8zfysxy97v.cloudfront.net/media/product/sa520__v9e769c15ab53497dd06ad1359dd34903eba54714.png
Zinc Picolinate 30 mg - 60 Servings,https://www.thorne.com/products/dp/zinc-picolinate-30mg,$20,https://d1vo8zfysxy97v.cloudfront.net/media/product/m220nc__v3b170f6f449a0fb40700a62533cd215e2dd5c823.png
Advanced Pre-Workout,https://www.thorne.com/products/dp/advanced-pre-workout-rainbow-sherbet-flavor,$55,https://d1vo8zfysxy97v.cloudfront.net/media/product/sp689__va361afb63494fb2188cd5896f1ff5231bc75e2ac.png
Zinc Bisglycinate 15 mg,https://www.thorne.com/products/dp/zinc-bisglycinate-15-mg,$15,https://d1vo8zfysxy97v.cloudfront.net/media/product/m290__vbb469846ef337edde82c959bff7b43e82947c66b.png
PharmaGABA-250,https://www.thorne.com/products/dp/pharmagaba-250,$59,https://d1vo8zfysxy97v.cloudfront.net/media/product/sp662__v58963453ffbd3541d014d51d759ff339fe9fdfe6.png
Melaton-3™,https://www.thorne.com/products/dp/melaton-3-trade,$16,https://d1vo8zfysxy97v.cloudfront.net/media/product/sf788__v9110f7300c816e742a92bc06f7b130c383c15a57.png
FloraSport 20B®,https://www.thorne.com/products/dp/florasport-20b,$42,https://d1vo8zfysxy97v.cloudfront.net/media/product/sf818__ve914d54c2e9c194f29393684b2a95f9afc00f90b.png
L-Glutamine,https://www.thorne.com/products/dp/l-glutamine,$26,https://d1vo8zfysxy97v.cloudfront.net/media/product/sa518__v2676db816bc07d34680981434281b27beae46edd.png
GI Relief,https://www.thorne.com/products/dp/gi-encap-reg-1,$41,https://d1vo8zfysxy97v.cloudfront.net/media/product/sf714__vb37616fd858ea3929ad67e31a10758eecf81055c.png
Beta Alanine-SR,https://www.thorne.com/products/dp/beta-alanine-sr,$46,https://d1vo8zfysxy97v.cloudfront.net/media/product/sf907__v9cad7c94ce816d45d49ad75664156a0a1539e38d.png
Zinc Picolinate 30 mg - 180 Servings,https://www.thorne.com/products/dp/double-strength-zinc-picolinate-60-s-1,$41,https://d1vo8zfysxy97v.cloudfront.net/media/product/m221__vf242686a9d3cb212625ba6c97d2591f1240a41ad.png
Plant Protein - Chocolate,https://www.thorne.com/products/dp/plant-protein-chocolate-flavored,$49,https://d1vo8zfysxy97v.cloudfront.net/media/product/sp119__v428008a2a31bb91457a9a8eac9407ff042e92192.png
Leaky Gut Support (formerly EnteroMend),https://www.thorne.com/products/dp/enteromend,$50,https://d1vo8zfysxy97v.cloudfront.net/media/product/sp681__v66b3c42a04b3f08884a6149cd617f7610d75b5a9.webp
Daily Greens Plus,https://www.thorne.com/products/dp/daily-greens-plus,$72,https://d1vo8zfysxy97v.cloudfront.net/media/product/sp687__v0aae5d8aea24e0722dd0ced42fd3ba59fb598e00.png
Trace Minerals,https://www.thorne.com/products/dp/trace-minerals,$24,https://d1vo8zfysxy97v.cloudfront.net/media/product/m242__v1c5975e4b45a593a1af8be7a0da3ed3aeb0f1d3a.png
Bacillus Coagulans,https://www.thorne.com/products/dp/bacillus-coagulans,$33,https://d1vo8zfysxy97v.cloudfront.net/media/product/sf758__v3e8fa1f9588d8a54e1b172f23b8701c8be439cec.png
Creatine - Pineapple Orange,https://www.thorne.com/products/dp/creatine-pineapple-orange-flavored,$48,https://d1vo8zfysxy97v.cloudfront.net/media/product/sf906__vdebab3684bf3a3daa50144a2e8b7d6591ca554be.png
5-MTHF 5 mg,https://www.thorne.com/products/dp/5-mthf-5-mg,$68,https://d1vo8zfysxy97v.cloudfront.net/media/product/b132__vb756dcd0935201b31dcbf32c4d4a9df6c46a822c.png
Chromium Picolinate,https://www.thorne.com/products/dp/chromium-picolinate,$20,https://d1vo8zfysxy97v.cloudfront.net/media/product/m255__vc4c7573d3fab5b93b2a8ea8811edbba9b25476fb.png
Niacinamide,https://www.thorne.com/products/dp/niacinamide,$26,https://d1vo8zfysxy97v.cloudfront.net/media/product/b131__v33863e8f617b1b7664d537904212b01c91935162.png
Meta-Balance™,https://www.thorne.com/products/dp/meta-balance-trade,$48,https://d1vo8zfysxy97v.cloudfront.net/media/product/sf711__vecd3a04235c3ef8c00c6f027182330521d635e20.png
Brain Factors,https://www.thorne.com/products/dp/brain-factors,$51,https://d1vo8zfysxy97v.cloudfront.net/media/product/sf752__v92fe46f3bdc9de3202989f233756ff11eeae7be5.png
L-Arginine - Sustained Release,https://www.thorne.com/products/dp/perfusia-sr-reg,$44,https://d1vo8zfysxy97v.cloudfront.net/media/product/sa525__va65b059cc3f08adcf9cc412a3502f429ccda3d2c.png
Curcumin Phytosome - NSF Certified for Sport,https://www.thorne.com/products/dp/meriva-500-sf-nsf,$68,https://d1vo8zfysxy97v.cloudfront.net/media/product/sf814n__va1e22adee2de5e2fbde46dc05b01b6712d5e3007.png
Rhodiola,https://www.thorne.com/products/dp/rhodiola,$24,https://d1vo8zfysxy97v.cloudfront.net/media/product/sf755__v47d423009f07c9721af0b6b7092ed1afb30bd9b6.png
Daily Electrolytes - Blood Orange,https://www.thorne.com/products/dp/daily-electrolytes-blood-orange-flavored-drink-mix,$40,https://d1vo8zfysxy97v.cloudfront.net/media/product/sf909p__v5f7efb74adb0bb73cdf3f3df54f468e3a4e99e36.png
Milk Thistle Phytosome (formerly Siliphos),https://www.thorne.com/products/dp/siliphos-reg,$48,https://d1vo8zfysxy97v.cloudfront.net/media/product/sf733__vb75f6a863d4da3f89adfe400c92296374bd53db4.png
Advanced Nutrients,https://www.thorne.com/products/dp/extra-nutrients,$72,https://d1vo8zfysxy97v.cloudfront.net/media/product/vmx_s01_vcd1615e246312cefc0dacd23815a172b307f2baf.png
Plant Protein - Vanilla,https://www.thorne.com/products/dp/plant-protein-vanilla,$49,https://d1vo8zfysxy97v.cloudfront.net/media/product/sp120__vede47ec92d6f0ae07556adb963851f90c2736c22.png
Broccoli Seed Extract,https://www.thorne.com/products/dp/crucera-sgs,$67,https://d1vo8zfysxy97v.cloudfront.net/media/product/sp660__v0bc92c7bbc38958c3e6b1cf6d7516e9133de907f.png
Methyl-Guard®,https://www.thorne.com/products/dp/methyl-guard-reg,$56,https://d1vo8zfysxy97v.cloudfront.net/media/product/sf787__v9c70ba177f9eef76dbbeb8780316a8d2bc9c38ee.png
Resveratrol Complex (formerly PolyResveratrol-SR),https://www.thorne.com/products/dp/polyresveratrol-sr-reg,$59,https://d1vo8zfysxy97v.cloudfront.net/media/product/sb300__v0f8fcbfda12275d88518ead4baa8a8ef8c8c01d2.png
Phosphatidylserine,https://www.thorne.com/products/dp/iso-phos-reg,$68,https://d1vo8zfysxy97v.cloudfront.net/media/product/sf715__va829b08aa2703b779ace7a4b83e7c2bc143e1d06.png
Daily Electrolytes - Mango Limeade,https://www.thorne.com/products/dp/daily-electrolytes-mangolimeade-flavored-drink-mix,$40,https://d1vo8zfysxy97v.cloudfront.net/media/product/sf910p__v0e1d606f85cefd00527e02fe814c5c3cf1758c46.png
Catalyte®,https://www.thorne.com/products/dp/catalyte-lemon-lime,$34,https://d1vo8zfysxy97v.cloudfront.net/media/product/sf101__va6f868ad0ef16a7f98cbcd775fe480cb815a8eac.png
Omega Superb,https://www.thorne.com/products/dp/omega-superb-ndash-lemon-berry,$50,https://d1vo8zfysxy97v.cloudfront.net/media/product/sp639__vdd78ffa29a4ad8d9787bc3727bcc9f39a195b674.png
Melaton-5™,https://www.thorne.com/products/dp/melaton-5-trade,$22,https://d1vo8zfysxy97v.cloudfront.net/media/product/sf780__v732ebf4f6dde9676458c8ead00d90b106378dfc6.png
S.A.T.®,https://www.thorne.com/products/dp/s-a-t-reg,$47,https://d1vo8zfysxy97v.cloudfront.net/media/product/sf732__v5cba396d6c7a4698b08717c3553171fdcc45dd74.png
Sacro-B™,https://www.thorne.com/products/dp/sacro-b-trade,$43,https://d1vo8zfysxy97v.cloudfront.net/media/product/sf757__v2c4b924ef48f97dcb5ae523b05171544ef1b1776.png
Potassium Citrate,https://www.thorne.com/products/dp/potassium-citrate,$17,https://d1vo8zfysxy97v.cloudfront.net/media/product/m240__v08b28791bff0bdff386c04399a598ca83af7f2dc.png
Calcium-Magnesium Malate,https://www.thorne.com/products/dp/calcium-magnesium-malate,$43,https://d1vo8zfysxy97v.cloudfront.net/media/product/m277__vd3eaf4a3f20f7ad9036750b47f00615d1be7eabc.png
5-HTP (formerly 5-Hydroxytryptophan),https://www.thorne.com/products/dp/5-hydroxytryptophan,$39,https://d1vo8zfysxy97v.cloudfront.net/media/product/sa503__vd9af7bad1918aceb7928aba34e5b60642bc538a1.png
High Potency Vitamin C (formerly Buffered C Powder),https://www.thorne.com/products/dp/buffered-c-powder,$29,https://d1vo8zfysxy97v.cloudfront.net/media/product/c155__va9065a0f8b6870943d8baf04ddae8cb21f1bdf81.png
Ultimate-E®,https://www.thorne.com/products/dp/ultimate-e-reg,$58,https://d1vo8zfysxy97v.cloudfront.net/media/product/e143__v437294a21c3b4550f37d4d9c55c4242661c7d32b.png
Memoractiv™,https://www.thorne.com/products/dp/memoractiv-trade,$70,https://d1vo8zfysxy97v.cloudfront.net/media/product/sf737__v63d39281b907a51a802fdb2e972274e3422b027f.png
RecoveryPro®,https://www.thorne.com/products/dp/recoverypro-sp114,$56,https://d1vo8zfysxy97v.cloudfront.net/media/product/sp114__vf079f747ed39dadb13024b703d966318430f46a9.png
Pyridoxal 5'-Phosphate,https://www.thorne.com/products/dp/pyridoxal-5-phosphate-60-s-1,$56,https://d1vo8zfysxy97v.cloudfront.net/media/product/b126__vf5eec42839d08e1cdf860b79fba32c6a94258566.png
Heart Health Complex,https://www.thorne.com/products/dp/q10-plus-reg,$43,https://d1vo8zfysxy97v.cloudfront.net/media/product/sf713__v06416b5667afac12e2b4aae328fa0677ff1788ad.png
Riboflavin 5'-Phosphate,https://www.thorne.com/products/dp/riboflavin-5-phosphate,$32,https://d1vo8zfysxy97v.cloudfront.net/media/product/b115__v969651418f5e07fc0e682a75704bb36926e8045d.png
MediClear-SGS™ - Chocolate,https://www.thorne.com/products/dp/mediclear-sgs-trade,$90,https://d1vo8zfysxy97v.cloudfront.net/media/product/sp646__vc724819840efa04b9d9a7b889a985775338aa19a.png
PharmaGABA-100,https://www.thorne.com/products/dp/pharmagaba-100,$34,https://d1vo8zfysxy97v.cloudfront.net/media/product/sp652__v662cbe73b19ed13cbb96ce1bfe20526fb6527468.png
Green Tea Phytosome,https://www.thorne.com/products/dp/green-tea-phytosome,$34,https://d1vo8zfysxy97v.cloudfront.net/media/product/sb336__ve001239aea0eab398abd9e727848b77c888f4d6e.png
Emotion Balance Support,https://www.thorne.com/products/dp/deproloft-hf,$63,https://d1vo8zfysxy97v.cloudfront.net/media/product/sf802__vda9135b55fa2b022bc8e3698f51273d09060b0e5.png
Phytoprofen®,https://www.thorne.com/products/dp/phytoprofen-reg-60-s,$41,https://d1vo8zfysxy97v.cloudfront.net/media/product/sf799__v0996c2a42c1242a9437ad134e1aa52ddfc93205a.png
MediClear-SGS™ - Vanilla,https://www.thorne.com/products/dp/mediclear-sgs-vanilla,$90,https://d1vo8zfysxy97v.cloudfront.net/media/product/sp648__v2665397bc297a857e3360cdbe8e746f144b0a28b.png
Undecylenic Acid,https://www.thorne.com/products/dp/formula-sf722-reg,$48,https://d1vo8zfysxy97v.cloudfront.net/media/product/sf722__v898ae492c537d0c51c58c724ff842a7eda0d5f06.png
Ginseng Plus,https://www.thorne.com/products/dp/ginseng-plus,$48,https://d1vo8zfysxy97v.cloudfront.net/media/product/sf826__v29a0e0172681e97db02fff7f200dc3e70cf2588f.png
Pancreatic Enzymes,https://www.thorne.com/products/dp/dipan-9-reg-60-s-2,$87,https://d1vo8zfysxy97v.cloudfront.net/media/product/sd401__v89a8c820849f391c9dd2da17c3cf4fa9e7687c68.png
Betaine HCL & Pepsin,https://www.thorne.com/products/dp/betaine-hcl-pepsin-225-s,$47,https://d1vo8zfysxy97v.cloudfront.net/media/product/sd415__v367c18cb4ece28439d8f2ad70a6a3c5729b62840.png
Amino Complex - Travel Packs - Berry,https://www.thorne.com/products/dp/amino-complex-berry-sp641p,$56,https://d1vo8zfysxy97v.cloudfront.net/media/product/sp641p__vbd2de12c94dfff0c03d092ce6656f58da11f4f47.png
L-Arginine Plus,https://www.thorne.com/products/dp/perfusia-plus-reg,$75,https://d1vo8zfysxy97v.cloudfront.net/media/product/sa526__vd1182dd7477e95a79630a0713bb8dda59463934b.png
Pro-Resolving Mediators,https://www.thorne.com/products/dp/pro-resolving-mediators,$75,https://d1vo8zfysxy97v.cloudfront.net/media/product/sp630__v6d3b9dc2d55a37fddbdea5a9ecf8c09f6b205c18.png
MediClear Plus®,https://www.thorne.com/products/dp/mediclear-plus-reg,$75,https://d1vo8zfysxy97v.cloudfront.net/media/product/sp645__v241651569e3fadf13c2c29cacd819ad909a4b5c2.png
Boswellia Phytosome,https://www.thorne.com/products/dp/boswellia-phytosome,$59,https://d1vo8zfysxy97v.cloudfront.net/media/product/sf819__v9101a5aaed83915f19af6ce6153d4b3ab067124f.png
Whey Protein Isolate - Travel Packs - Chocolate,https://www.thorne.com/products/dp/whey-protein-isolate-chocolate-sp110p,$48,https://d1vo8zfysxy97v.cloudfront.net/media/product/sp110p__v8deec9245dafde83c0b704a06290122f1462ce12.png
Whey Protein Isolate - Travel Packs - Vanilla,https://www.thorne.com/products/dp/whey-protein-isolate-vanilla-sp111p,$48,https://d1vo8zfysxy97v.cloudfront.net/media/product/sp111p__vd5a8512ab5d64b66f9803fd2221780a6f8f80bef.png
Amino Complex - Travel Packs - Lemon,https://www.thorne.com/products/dp/amino-complex-lemon-sp637p,$56,https://d1vo8zfysxy97v.cloudfront.net/media/product/sp637p__v7ea16c5165873a74f4f2bd0154e0637e58efe1e6.png
Valerian Root,https://www.thorne.com/products/dp/valerian-root,$30,https://d1vo8zfysxy97v.cloudfront.net/media/product/sf830__va76e33f3e90475de33b5259b447d76e173362fbd.png
Vitamin K2,https://www.thorne.com/products/dp/vitamin-k2-liquid,$75,https://d1vo8zfysxy97v.cloudfront.net/media/product/k170_s01_v529c8bf4ddcc9c57b4806d73907d21f5edbd4d1d.png
Thorne Shaker Bottle 20 oz.,https://www.thorne.com/products/dp/thorne-shaker-bottle,$16,https://d1vo8zfysxy97v.cloudfront.net/media/product/trbottle__v984fb9d117f22c8471f26cfd2d6fe9d2dc521fe4.png
Diabenil®,https://www.thorne.com/products/dp/diabenil-reg,$70,https://d1vo8zfysxy97v.cloudfront.net/media/product/sf790__v13106c1815f34a1be49298ab558bdcf09bbc3bd1.png
Grape Seed Extract,https://www.thorne.com/products/dp/o-p-c-100-trade,$54,https://d1vo8zfysxy97v.cloudfront.net/media/product/sf745__ve6e5db6bcbaeeb451214618ba65332b993b403cc.png
Thyroid Health Stack,https://www.thorne.com/products/dp/thyroid-health-bundle,$106,https://d1vo8zfysxy97v.cloudfront.net/media/product/bun002__vcf5db8ddc32e6bdfdd31b5199efd4232431a6524.png
Sleep Stack,https://www.thorne.com/products/dp/sleep-bundle,$115,https://d1vo8zfysxy97v.cloudfront.net/media/product/bun003__v65f6981e3046b862850b2c2878a16625a2490685.png
Longevity Stack,https://www.thorne.com/products/dp/healthy-aging-bundle,$102,https://d1vo8zfysxy97v.cloudfront.net/media/product/bun004__vf5ff684f9d965432fa9f0a866c4c34a74b640a64.png
Stress Management Stack,https://www.thorne.com/products/dp/stress-bundle,$120,https://d1vo8zfysxy97v.cloudfront.net/media/product/bun007__vdad29a120c97622927750ac5c3a9b5c903336ce8.png
Skin Health Stack,https://www.thorne.com/products/dp/skin-health-bundle,$86,https://d1vo8zfysxy97v.cloudfront.net/media/product/bun009__v7a7c1473314211eea43a94ea8202c521e60a551f.png
Weight Management Stack,https://www.thorne.com/products/dp/weight-management-bundle,$142,https://d1vo8zfysxy97v.cloudfront.net/media/product/bun010__ve9fc8b3bb783b65d957f8dcf3485a4b5c88de761.png
Gut Health Stack,https://www.thorne.com/products/dp/gut-health-bundle,$116,https://d1vo8zfysxy97v.cloudfront.net/media/product/bun011__v001eb45c5df5151353de40d929fbb18acd7d36fd.webp
Prenatal Support Stack,https://www.thorne.com/products/dp/fertility-bundle,$82,https://d1vo8zfysxy97v.cloudfront.net/media/product/bun013__v174d0ec5f78a6aeb6b2a6c56fc2f0593e681b29e.png
Methylation Stack,https://www.thorne.com/products/dp/methylation-bundle,$94,https://d1vo8zfysxy97v.cloudfront.net/media/product/bun016__vb81d4691a76303ee2963ab87ef773269365e3837.png
Healthy Lipids Stack,https://www.thorne.com/products/dp/healthy-lipid-bundle,$123,https://d1vo8zfysxy97v.cloudfront.net/media/product/bun017__v26cc9c216a7bc69dd2aed026db09bd922e203d60.png
Sleep Stack for Athletes,https://www.thorne.com/products/dp/sleep-bundle-for-athletes,$62,https://d1vo8zfysxy97v.cloudfront.net/media/product/bun019__v50ae8e2dd9baa796c9e11016ce65483deafd4393.png
Youth Stack,https://www.thorne.com/products/dp/youth-bundle-bun020,$113,https://d1vo8zfysxy97v.cloudfront.net/media/product/bun020__v427a9c34bfcc2828f4821a3f8b9a01fe83cfc11d.png
Foundational Stack for Athletes,https://www.thorne.com/products/dp/foundation-bundle-bun022,$133,https://d1vo8zfysxy97v.cloudfront.net/media/product/bun022__v1914783f96651cfe5df9bbd27b90380c3210ae97.png
Training Stack - Lemon,https://www.thorne.com/products/dp/training-bundle-lemon,$128,https://d1vo8zfysxy97v.cloudfront.net/media/product/bun023__vfe5e4b95b8266fc870b884a95d54ec8888c05b3d.png
Joint Support Stack,https://www.thorne.com/products/dp/joint-support-bundle,$105,https://d1vo8zfysxy97v.cloudfront.net/media/product/bun025__vf257313f781c4f8d1b56856753a1278863520150.png
Training Stack - Berry,https://www.thorne.com/products/dp/training-bundle-berry,$128,https://d1vo8zfysxy97v.cloudfront.net/media/product/bun024__v9926b80e9ae7f432deb908bde4350e854ac1ff01.png
Energy Stack,https://www.thorne.com/products/dp/energy-bun028,$90,https://d1vo8zfysxy97v.cloudfront.net/media/product/bun026__vb21dbe80a969d7fb73761c63422f587c473b2d83.png
Menopause Stack,https://www.thorne.com/products/dp/menopause-bun028,$127,https://d1vo8zfysxy97v.cloudfront.net/media/product/bun028__vf5626e8fb8880430084a2699069c56d902d77899.png
Immune Support Stack,https://www.thorne.com/products/dp/immune-support-bundle,$61,https://d1vo8zfysxy97v.cloudfront.net/media/product/bun029__v316f8a9478e3525c449bd0dc4a75aa800fbe874b.png
Foundational Stack,https://www.thorne.com/products/dp/thorne-basics-bundle,$94,https://d1vo8zfysxy97v.cloudfront.net/media/product/bun031__v9d3cc63f77e9b3d021c3ab8e0676b383aba54db5.png
SynaQuell +™,https://www.thorne.com/products/dp/synaquell-plus,$142,https://d1vo8zfysxy97v.cloudfront.net/media/product/did004__va8ccc705f855a592515bc3836e1612dd710a9244.png
Recovery Stack - Berry,https://www.thorne.com/products/dp/recovery-stack-berry,$98,https://d1vo8zfysxy97v.cloudfront.net/media/product/bun038__v291e9255895d6db29a04965299c8cce1963d4ba5.png
Recovery Stack - Lemon,https://www.thorne.com/products/dp/recovery-stack-lemon,$98,https://d1vo8zfysxy97v.cloudfront.net/media/product/bun039__va3f3cfef209a56ef22db2668431e288bfd8f8025.png
Travel Stack,https://www.thorne.com/products/dp/travel-stack,$120,https://d1vo8zfysxy97v.cloudfront.net/media/product/bun040__v85bd89940b3e495c3b0b911f277dfbc6aae18320.png
Fertility Stack,https://www.thorne.com/products/dp/fertility-stack,$90,https://d1vo8zfysxy97v.cloudfront.net/media/product/bun041__vfab223fdc412f5efee0afe14325eb743b30eb843.png
Men's Health Stack,https://www.thorne.com/products/dp/men-s-health-stack,$90,https://d1vo8zfysxy97v.cloudfront.net/media/product/bun042__v4068a232a012528e0b06583d31d2460f1a0ccf78.png
GLP-1 Support Stack - Berry,https://www.thorne.com/products/dp/glp-1-support-stack-berry,$161,https://d1vo8zfysxy97v.cloudfront.net/media/product/bun043__vbe55cf0cdd0d77eb8ffc0c1a9a798d3351b8f785.png
GLP-1 Support Stack - Lemon,https://www.thorne.com/products/dp/glp-1-support-stack-lemon,$161,https://d1vo8zfysxy97v.cloudfront.net/media/product/bun044__vd8f7ecc1bdafd8682e7524ce0e8e25226b70f632.png
Magnesium Citrate,https://www.thorne.com/products/dp/magnesium-citrate-m286,$39,https://d1vo8zfysxy97v.cloudfront.net/media/product/m286__v6af09fdb2e2857c96db390b4648855457bb42797.png